,player_id,Puntos,Fecha,weekday,FDS,feriado,feriado2,antesdeferiado,antesdeferiado2,feriado_final,estival
0,10002,4263.0,2018-01-01,0,0,True,1,0,0,1,True
1,10002,4627.0,2018-01-13,5,1,False,0,0,0,0,True
2,10002,2966.0,2018-01-16,1,0,False,0,0,0,0,True
3,10002,4369.0,2018-01-22,0,0,False,0,0,0,0,True
4,10002,7166.0,2018-01-23,1,0,False,0,0,0,0,True
5,10002,2228.0,2018-01-25,3,0,False,0,0,0,0,True
6,10002,230.0,2018-01-26,4,0,False,0,0,0,0,True
7,10002,5460.0,2018-01-27,5,1,False,0,0,0,0,True
8,10002,3703.0,2018-02-01,3,0,False,0,0,0,0,True
9,10002,2544.0,2018-02-06,1,0,False,0,0,0,0,True
10,10002,2325.0,2018-02-08,3,0,False,0,0,0,0,True
11,10002,4287.0,2018-02-09,4,0,False,0,0,0,0,True
12,10002,2350.0,2018-02-10,5,1,False,0,0,0,0,True
13,10002,1255.0,2018-02-13,1,0,False,0,0,0,0,True
14,10002,3228.0,2018-02-15,3,0,False,0,0,0,0,True
15,10002,5194.0,2018-02-17,5,1,False,0,0,0,0,True
16,10002,3417.0,2018-02-19,0,0,False,0,0,0,0,True
17,10002,2600.0,2018-02-20,1,0,False,0,0,0,0,True
18,10002,2725.0,2018-02-22,3,0,False,0,0,0,0,True
19,10002,5304.0,2018-02-23,4,0,False,0,0,0,0,True
20,10002,5468.0,2018-02-24,5,1,False,0,0,0,0,True
21,10002,4935.0,2018-02-26,0,0,False,0,0,0,0,True
22,10002,3353.0,2018-02-27,1,0,False,0,0,0,0,True
23,10002,3186.0,2018-04-28,5,1,False,0,0,0,0,True
24,10002,12047.0,2018-04-30,0,0,False,0,1,1,1,True
25,10002,2728.0,2018-09-17,0,0,True,1,0,0,1,True
26,10002,1928.0,2018-09-20,3,0,False,0,0,0,0,True
27,10002,2278.0,2018-09-22,5,1,False,0,0,0,0,True
28,10002,2756.0,2018-09-23,6,1,False,0,0,0,0,True
29,10002,1.0,2018-10-20,5,1,False,0,0,0,0,True
30,10002,274.0,2018-10-31,2,0,True,1,0,0,1,True
31,10002,4089.0,2018-11-01,3,0,True,1,0,0,1,True
32,10002,10317.0,2018-11-02,4,0,False,0,0,0,0,True
33,10002,1807.0,2018-11-03,5,1,False,0,0,0,0,True
34,10002,3248.0,2018-12-29,5,1,False,0,0,0,0,True
35,10002,495.0,2019-01-02,2,0,False,0,0,0,0,True
36,10002,2228.0,2019-01-08,1,0,False,0,0,0,0,True
37,10002,1.0,2019-01-10,3,0,False,0,0,0,0,True
38,10002,1394.0,2019-01-13,6,1,False,0,0,0,0,True
39,10002,140.0,2019-01-14,0,0,False,0,0,0,0,True
40,10002,830.0,2019-01-15,1,0,False,0,0,0,0,True
41,10002,474.0,2019-01-17,3,0,False,0,0,0,0,True
42,10002,1337.0,2019-01-19,5,1,False,0,0,0,0,True
43,10002,2570.0,2019-01-22,1,0,False,0,0,0,0,True
44,10002,5323.0,2019-01-24,3,0,False,0,0,0,0,True
45,10002,1239.0,2019-01-26,5,1,False,0,0,0,0,True
46,10002,1680.0,2019-01-27,6,1,False,0,0,0,0,True
47,10002,1.0,2019-02-13,2,0,False,0,0,0,0,True
48,10002,3076.0,2019-02-17,6,1,False,0,0,0,0,True
49,10002,1218.0,2019-02-19,1,0,False,0,0,0,0,True
50,10002,1799.0,2019-02-21,3,0,False,0,0,0,0,True
51,10002,193.0,2019-02-22,4,0,False,0,0,0,0,True
52,10002,2063.0,2019-02-23,5,1,False,0,0,0,0,True
53,10002,4058.0,2019-02-24,6,1,False,0,0,0,0,True
54,10002,12336.0,2019-02-26,1,0,False,0,0,0,0,True
55,10002,1614.0,2019-02-28,3,0,False,0,0,0,0,True
56,10002,6802.0,2019-03-02,5,1,False,0,0,0,0,True
57,10002,2116.0,2019-03-04,0,0,False,0,0,0,0,True
58,10002,1630.0,2019-04-17,2,0,False,0,0,0,0,True
59,10002,4003.0,2019-04-18,3,0,False,0,1,1,1,True
60,10002,6231.0,2019-04-20,5,1,True,1,0,0,1,True
61,10002,1473.0,2019-04-21,6,1,True,1,0,0,1,True
62,10002,3011.0,2019-04-22,0,0,False,0,0,0,0,True
63,10002,1746.0,2019-05-17,4,0,False,0,0,0,0,True
64,10002,3011.0,2019-05-20,0,0,False,0,1,1,1,True
65,10002,1280.0,2019-08-09,4,0,False,0,0,0,0,True
66,10002,1.0,2019-09-05,3,0,False,0,0,0,0,True
67,10002,1160.0,2019-09-15,6,1,False,0,0,0,0,True
68,10002,1096.0,2019-09-17,1,0,False,0,1,1,1,True
69,10002,1914.0,2019-09-19,3,0,True,1,0,0,1,True
70,10002,3976.0,2019-09-20,4,0,True,1,0,0,1,True
71,10002,5614.0,2019-09-21,5,1,False,0,0,0,0,True
72,10002,5755.0,2019-09-22,6,1,False,0,0,0,0,True
73,10002,1.0,2019-11-13,2,0,False,0,0,0,0,True
74,10002,2868.0,2019-12-13,4,0,False,0,0,0,0,True
75,10002,814.0,2019-12-14,5,1,False,0,0,0,0,True
76,10002,1811.0,2019-12-27,4,0,False,0,0,0,0,True
77,10002,918.0,2019-12-28,5,1,False,0,0,0,0,True
78,10002,3661.0,2019-12-30,0,0,False,0,0,0,0,True
79,10002,937.0,2020-01-01,2,0,True,1,0,0,1,True
80,10003,77471.0,2018-01-04,3,0,False,0,0,0,0,True
81,10003,1.0,2018-02-12,0,0,False,0,0,0,0,True
82,10003,1.0,2018-02-20,1,0,False,0,0,0,0,True
83,10003,1.0,2018-02-24,5,1,False,0,0,0,0,True
84,10003,1.0,2018-02-25,6,1,False,0,0,0,0,True
85,10003,1.0,2018-02-26,0,0,False,0,0,0,0,True
86,10003,1.0,2018-03-03,5,1,False,0,0,0,0,True
87,10003,2683.0,2018-03-17,5,1,False,0,0,0,0,True
88,10003,5588.0,2018-04-07,5,1,False,0,0,0,0,True
89,10003,5.0,2018-04-08,6,1,False,0,0,0,0,True
90,10003,13139.0,2018-04-13,4,0,False,0,0,0,0,True
91,10003,1875.0,2018-04-15,6,1,False,0,0,0,0,True
92,10003,3569.0,2018-04-28,5,1,False,0,0,0,0,True
93,10003,36410.0,2018-05-12,5,1,False,0,0,0,0,True
94,10003,31098.0,2018-05-26,5,1,False,0,0,0,0,True
95,10003,127005.0,2018-06-03,6,1,False,0,0,0,0,True
96,10003,1127.0,2018-06-16,5,1,False,0,0,0,0,True
97,10003,40910.0,2018-07-28,5,1,False,0,0,0,0,True
98,10003,1566.0,2018-08-12,6,1,False,0,0,0,0,True
99,10003,22127.0,2018-08-17,4,0,False,0,0,0,0,True
100,10003,90165.0,2018-09-08,5,1,False,0,0,0,0,True
101,10003,11183.0,2018-09-28,4,0,False,0,0,0,0,True
102,10003,1035.0,2018-10-19,4,0,False,0,0,0,0,True
103,10003,4956.0,2018-10-22,0,0,False,0,0,0,0,True
104,10003,64807.0,2018-10-27,5,1,False,0,0,0,0,True
105,10003,14188.0,2018-11-18,6,1,False,0,0,0,0,True
106,10003,30966.0,2019-02-02,5,1,False,0,0,0,0,True
107,10003,10254.0,2019-03-30,5,1,False,0,0,0,0,True
108,10003,33711.0,2019-04-30,1,0,False,0,1,1,1,True
109,10003,164474.0,2019-05-24,4,0,False,0,0,0,0,True
110,10003,15220.0,2019-05-31,4,0,False,0,0,0,0,True
111,10003,215779.0,2019-08-17,5,1,False,0,0,0,0,True
112,10003,7447.0,2019-08-24,5,1,False,0,0,0,0,True
113,10003,99.0,2019-08-25,6,1,False,0,0,0,0,True
114,10007,33591.0,2018-01-01,0,0,True,1,0,0,1,True
115,10007,3166.0,2018-01-03,2,0,False,0,0,0,0,True
116,10007,44919.0,2018-01-05,4,0,False,0,0,0,0,True
117,10007,58600.0,2018-01-06,5,1,False,0,0,0,0,True
118,10007,47983.0,2018-01-07,6,1,False,0,0,0,0,True
119,10007,92135.0,2018-01-12,4,0,False,0,0,0,0,True
120,10007,145288.0,2018-01-13,5,1,False,0,0,0,0,True
121,10007,31748.0,2018-01-14,6,1,False,0,0,0,0,True
122,10007,201053.0,2018-01-15,0,0,False,0,0,0,0,True
123,10007,131.0,2018-01-16,1,0,False,0,0,0,0,True
124,10007,75642.0,2018-01-19,4,0,False,0,0,0,0,True
125,10007,153409.0,2018-01-20,5,1,False,0,0,0,0,True
126,10007,48129.0,2018-01-21,6,1,False,0,0,0,0,True
127,10007,118875.0,2018-01-26,4,0,False,0,0,0,0,True
128,10007,89731.0,2018-01-27,5,1,False,0,0,0,0,True
129,10007,78614.0,2018-01-28,6,1,False,0,0,0,0,True
130,10007,48401.0,2018-02-03,5,1,False,0,0,0,0,True
131,10007,46543.0,2018-02-04,6,1,False,0,0,0,0,True
132,10007,16789.0,2018-02-05,0,0,False,0,0,0,0,True
133,10007,32308.0,2018-02-06,1,0,False,0,0,0,0,True
134,10007,34206.0,2018-02-07,2,0,False,0,0,0,0,True
135,10007,43416.0,2018-02-09,4,0,False,0,0,0,0,True
136,10007,20848.0,2018-02-10,5,1,False,0,0,0,0,True
137,10007,22558.0,2018-02-11,6,1,False,0,0,0,0,True
138,10007,15049.0,2018-02-12,0,0,False,0,0,0,0,True
139,10007,28664.0,2018-02-14,2,0,False,0,0,0,0,True
140,10007,88500.0,2018-02-16,4,0,False,0,0,0,0,True
141,10007,110606.0,2018-02-17,5,1,False,0,0,0,0,True
142,10007,43858.0,2018-02-18,6,1,False,0,0,0,0,True
143,10007,144.0,2018-02-19,0,0,False,0,0,0,0,True
144,10007,92.0,2018-02-20,1,0,False,0,0,0,0,True
145,10007,51208.0,2018-02-21,2,0,False,0,0,0,0,True
146,10007,56082.0,2018-02-22,3,0,False,0,0,0,0,True
147,10007,58722.0,2018-02-23,4,0,False,0,0,0,0,True
148,10007,78561.0,2018-02-24,5,1,False,0,0,0,0,True
149,10007,70530.0,2018-02-25,6,1,False,0,0,0,0,True
150,10007,75561.0,2018-03-02,4,0,False,0,0,0,0,True
151,10007,8241.0,2018-03-03,5,1,False,0,0,0,0,True
152,10007,200.0,2018-03-09,4,0,False,0,0,0,0,True
153,10007,430.0,2018-03-10,5,1,False,0,0,0,0,True
154,10007,234.0,2018-03-11,6,1,False,0,0,0,0,True
155,10007,68680.0,2018-03-29,3,0,False,0,1,1,1,True
156,10007,6244.0,2018-03-30,4,0,True,1,0,0,1,True
157,10007,81541.0,2018-03-31,5,1,True,1,0,0,1,True
158,10007,50687.0,2018-04-01,6,1,True,1,0,0,1,True
159,10007,50335.0,2018-04-12,3,0,False,0,0,0,0,True
160,10007,122856.0,2018-04-13,4,0,False,0,0,0,0,True
161,10007,9266.0,2018-04-14,5,1,False,0,0,0,0,True
162,10007,60027.0,2018-04-21,5,1,False,0,0,0,0,True
163,10007,58535.0,2018-04-27,4,0,False,0,0,0,0,True
164,10007,67413.0,2018-04-28,5,1,False,0,0,0,0,True
165,10007,188920.0,2018-04-29,6,1,False,0,0,0,0,True
166,10007,190581.0,2018-04-30,0,0,False,0,1,1,1,True
167,10007,124289.0,2018-05-01,1,0,True,1,0,0,1,True
168,10007,110384.0,2018-05-17,3,0,False,0,0,0,0,True
169,10007,133359.0,2018-05-18,4,0,False,0,0,0,0,True
170,10007,109195.0,2018-05-19,5,1,False,0,0,0,0,True
171,10007,149421.0,2018-05-20,6,1,False,0,1,1,1,True
172,10007,89764.0,2018-05-21,0,0,True,1,0,0,1,True
173,10007,42132.0,2018-06-01,4,0,False,0,0,0,0,True
174,10007,18014.0,2018-06-02,5,1,False,0,0,0,0,True
175,10007,4430.0,2018-06-03,6,1,False,0,0,0,0,True
176,10007,114648.0,2018-06-15,4,0,False,0,0,0,0,True
177,10007,213524.0,2018-06-16,5,1,False,0,0,0,0,True
178,10007,88110.0,2018-06-29,4,0,True,1,0,0,1,True
179,10007,129253.0,2018-06-30,5,1,False,0,0,0,0,True
180,10007,166040.0,2018-07-01,6,1,False,0,0,0,0,True
181,10007,61944.0,2018-07-02,0,0,False,0,0,0,0,True
182,10007,61728.0,2018-07-06,4,0,False,0,0,0,0,True
183,10007,44280.0,2018-07-07,5,1,False,0,0,0,0,True
184,10007,48785.0,2018-07-08,6,1,False,0,0,0,0,True
185,10007,99983.0,2018-07-13,4,0,False,0,0,0,0,True
186,10007,112652.0,2018-07-14,5,1,False,0,0,0,0,True
187,10007,2579.0,2018-07-15,6,1,False,0,1,1,1,True
188,10007,84767.0,2018-07-16,0,0,True,1,0,0,1,True
189,10007,1674.0,2018-07-17,1,0,False,0,0,0,0,True
190,10007,26027.0,2018-08-04,5,1,False,0,0,0,0,True
191,10007,45.0,2018-08-05,6,1,False,0,0,0,0,True
192,10007,14290.0,2018-08-09,3,0,False,0,0,0,0,True
193,10007,31841.0,2018-08-10,4,0,False,0,0,0,0,True
194,10007,40805.0,2018-08-11,5,1,False,0,0,0,0,True
195,10007,224.0,2018-08-12,6,1,False,0,0,0,0,True
196,10007,13215.0,2018-08-30,3,0,False,0,0,0,0,True
197,10007,24689.0,2018-08-31,4,0,False,0,0,0,0,True
198,10007,12172.0,2018-09-01,5,1,False,0,0,0,0,True
199,10007,322.0,2018-09-02,6,1,False,0,0,0,0,True
200,10007,70396.0,2018-09-04,1,0,False,0,0,0,0,True
201,10007,65890.0,2018-09-14,4,0,False,0,0,0,0,True
202,10007,22684.0,2018-09-15,5,1,False,0,0,0,0,True
203,10007,49918.0,2018-09-16,6,1,False,0,1,1,1,True
204,10007,47765.0,2018-09-17,0,0,True,1,0,0,1,True
205,10007,82890.0,2018-09-18,1,0,True,1,0,0,1,True
206,10007,103330.0,2018-09-19,2,0,True,1,0,0,1,True
207,10007,31170.0,2018-10-05,4,0,False,0,0,0,0,True
208,10007,39652.0,2018-10-06,5,1,False,0,0,0,0,True
209,10007,41686.0,2018-10-07,6,1,False,0,0,0,0,True
210,10007,23510.0,2018-10-12,4,0,True,1,0,0,1,True
211,10007,99822.0,2018-10-13,5,1,False,0,0,0,0,True
212,10007,114239.0,2018-10-14,6,1,False,0,0,0,0,True
213,10007,200550.0,2018-10-15,0,0,False,0,0,0,0,True
214,10007,166388.0,2018-10-26,4,0,False,0,0,0,0,True
215,10007,40785.0,2018-10-27,5,1,False,0,0,0,0,True
216,10007,29069.0,2018-10-28,6,1,False,0,0,0,0,True
217,10007,117684.0,2018-10-31,2,0,True,1,0,0,1,True
218,10007,136492.0,2018-11-01,3,0,True,1,0,0,1,True
219,10007,180126.0,2018-11-02,4,0,False,0,0,0,0,True
220,10007,205521.0,2018-11-03,5,1,False,0,0,0,0,True
221,10007,115033.0,2018-11-23,4,0,False,0,0,0,0,True
222,10007,128368.0,2018-11-24,5,1,False,0,0,0,0,True
223,10007,34857.0,2018-11-25,6,1,False,0,0,0,0,True
224,10007,39940.0,2018-11-30,4,0,False,0,0,0,0,True
225,10007,51908.0,2018-12-01,5,1,False,0,0,0,0,True
226,10007,7392.0,2018-12-02,6,1,False,0,0,0,0,True
227,10007,91028.0,2018-12-08,5,1,True,1,0,0,1,True
228,10007,16492.0,2018-12-20,3,0,False,0,0,0,0,True
229,10007,2936.0,2018-12-23,6,1,False,0,0,0,0,True
230,10007,1.0,2019-01-07,0,0,False,0,0,0,0,True
231,10007,5911.0,2019-01-10,3,0,False,0,0,0,0,True
232,10007,170244.0,2019-01-11,4,0,False,0,0,0,0,True
233,10007,124587.0,2019-01-12,5,1,False,0,0,0,0,True
234,10007,180369.0,2019-01-13,6,1,False,0,0,0,0,True
235,10007,114297.0,2019-01-14,0,0,False,0,0,0,0,True
236,10007,375.0,2019-01-15,1,0,False,0,0,0,0,True
237,10007,125.0,2019-01-16,2,0,False,0,0,0,0,True
238,10007,157471.0,2019-01-17,3,0,False,0,0,0,0,True
239,10007,106977.0,2019-01-18,4,0,False,0,0,0,0,True
240,10007,189158.0,2019-01-19,5,1,False,0,0,0,0,True
241,10007,27812.0,2019-01-20,6,1,False,0,0,0,0,True
242,10007,82129.0,2019-01-21,0,0,False,0,0,0,0,True
243,10007,360.0,2019-01-22,1,0,False,0,0,0,0,True
244,10007,90371.0,2019-01-25,4,0,False,0,0,0,0,True
245,10007,143780.0,2019-01-26,5,1,False,0,0,0,0,True
246,10007,105207.0,2019-01-27,6,1,False,0,0,0,0,True
247,10007,105.0,2019-01-28,0,0,False,0,0,0,0,True
248,10007,81250.0,2019-02-01,4,0,False,0,0,0,0,True
249,10007,123683.0,2019-02-02,5,1,False,0,0,0,0,True
250,10007,51335.0,2019-02-03,6,1,False,0,0,0,0,True
251,10007,45444.0,2019-02-07,3,0,False,0,0,0,0,True
252,10007,68805.0,2019-02-08,4,0,False,0,0,0,0,True
253,10007,60735.0,2019-02-09,5,1,False,0,0,0,0,True
254,10007,32054.0,2019-02-10,6,1,False,0,0,0,0,True
255,10007,45304.0,2019-02-11,0,0,False,0,0,0,0,True
256,10007,87948.0,2019-02-12,1,0,False,0,0,0,0,True
257,10007,75545.0,2019-02-13,2,0,False,0,0,0,0,True
258,10007,49845.0,2019-02-14,3,0,False,0,0,0,0,True
259,10007,181130.0,2019-02-15,4,0,False,0,0,0,0,True
260,10007,106854.0,2019-02-16,5,1,False,0,0,0,0,True
261,10007,90787.0,2019-02-21,3,0,False,0,0,0,0,True
262,10007,129083.0,2019-02-22,4,0,False,0,0,0,0,True
263,10007,62641.0,2019-02-23,5,1,False,0,0,0,0,True
264,10007,37130.0,2019-02-24,6,1,False,0,0,0,0,True
265,10007,50.0,2019-02-28,3,0,False,0,0,0,0,True
266,10007,53031.0,2019-03-01,4,0,False,0,0,0,0,True
267,10007,149966.0,2019-03-02,5,1,False,0,0,0,0,True
268,10007,228694.0,2019-03-03,6,1,False,0,0,0,0,True
269,10007,144.0,2019-03-04,0,0,False,0,0,0,0,True
270,10007,80092.0,2019-03-16,5,1,False,0,0,0,0,True
271,10007,20095.0,2019-03-22,4,0,False,0,0,0,0,True
272,10007,79949.0,2019-03-23,5,1,False,0,0,0,0,True
273,10007,26325.0,2019-03-24,6,1,False,0,0,0,0,True
274,10007,23792.0,2019-04-05,4,0,False,0,0,0,0,True
275,10007,737.0,2019-04-06,5,1,False,0,0,0,0,True
276,10007,12459.0,2019-04-09,1,0,False,0,0,0,0,True
277,10007,233.0,2019-04-17,2,0,False,0,0,0,0,True
278,10007,143042.0,2019-04-18,3,0,False,0,1,1,1,True
279,10007,145318.0,2019-04-19,4,0,True,1,0,0,1,True
280,10007,81477.0,2019-04-20,5,1,True,1,0,0,1,True
281,10007,171578.0,2019-04-21,6,1,True,1,0,0,1,True
282,10007,100.0,2019-04-22,0,0,False,0,0,0,0,True
283,10007,30180.0,2019-05-03,4,0,False,0,0,0,0,True
284,10007,46267.0,2019-05-04,5,1,False,0,0,0,0,True
285,10007,41757.0,2019-05-05,6,1,False,0,0,0,0,True
286,10007,53180.0,2019-05-10,4,0,False,0,0,0,0,True
287,10007,15626.0,2019-05-11,5,1,False,0,0,0,0,True
288,10007,140.0,2019-05-16,3,0,False,0,0,0,0,True
289,10007,93986.0,2019-05-17,4,0,False,0,0,0,0,True
290,10007,87936.0,2019-05-19,6,1,False,0,0,0,0,True
291,10007,12577.0,2019-05-24,4,0,False,0,0,0,0,True
292,10007,62800.0,2019-05-25,5,1,False,0,0,0,0,True
293,10007,23496.0,2019-05-26,6,1,False,0,0,0,0,True
294,10007,26452.0,2019-05-31,4,0,False,0,0,0,0,True
295,10007,80024.0,2019-06-01,5,1,False,0,0,0,0,True
296,10007,41023.0,2019-06-07,4,0,False,0,0,0,0,True
297,10007,47042.0,2019-06-08,5,1,False,0,0,0,0,True
298,10007,39079.0,2019-06-14,4,0,False,0,0,0,0,True
299,10007,25767.0,2019-06-15,5,1,False,0,0,0,0,True
300,10007,37730.0,2019-06-21,4,0,False,0,0,0,0,True
301,10007,40594.0,2019-06-22,5,1,False,0,0,0,0,True
302,10007,3241.0,2019-06-23,6,1,False,0,0,0,0,True
303,10007,123715.0,2019-06-28,4,0,False,0,1,1,1,True
304,10007,108828.0,2019-06-29,5,1,True,1,0,0,1,True
305,10007,40041.0,2019-06-30,6,1,False,0,0,0,0,True
306,10007,190.0,2019-07-05,4,0,False,0,0,0,0,True
307,10007,32737.0,2019-07-05,4,0,False,0,0,0,0,True
308,10007,288.0,2019-07-06,5,1,False,0,0,0,0,True
309,10007,77753.0,2019-07-06,5,1,False,0,0,0,0,True
310,10007,487.0,2019-07-07,6,1,False,0,0,0,0,True
311,10007,34622.0,2019-07-07,6,1,False,0,0,0,0,True
312,10007,99941.0,2019-07-12,4,0,False,0,0,0,0,True
313,10007,79284.0,2019-07-13,5,1,False,0,0,0,0,True
314,10007,10029.0,2019-07-14,6,1,False,0,0,0,0,True
315,10007,48696.0,2019-07-15,0,0,False,0,1,1,1,True
316,10007,20290.0,2019-07-16,1,0,True,1,0,0,1,True
317,10007,54757.0,2019-07-27,5,1,False,0,0,0,0,True
318,10007,11015.0,2019-07-28,6,1,False,0,0,0,0,True
319,10007,47202.0,2019-08-02,4,0,False,0,0,0,0,True
320,10007,49745.0,2019-08-03,5,1,False,0,0,0,0,True
321,10007,38802.0,2019-08-09,4,0,False,0,0,0,0,True
322,10007,47727.0,2019-08-10,5,1,False,0,0,0,0,True
323,10007,26843.0,2019-08-11,6,1,False,0,0,0,0,True
324,10007,382.0,2019-08-14,2,0,False,0,1,1,1,True
325,10007,174952.0,2019-08-15,3,0,True,1,0,0,1,True
326,10007,176122.0,2019-08-16,4,0,False,0,0,0,0,True
327,10007,236048.0,2019-08-17,5,1,False,0,0,0,0,True
328,10007,49126.0,2019-08-18,6,1,False,0,0,0,0,True
329,10007,16409.0,2019-08-23,4,0,False,0,0,0,0,True
330,10007,189590.0,2019-08-24,5,1,False,0,0,0,0,True
331,10007,19069.0,2019-08-25,6,1,False,0,0,0,0,True
332,10007,8989.0,2019-08-29,3,0,False,0,0,0,0,True
333,10007,40094.0,2019-08-30,4,0,False,0,0,0,0,True
334,10007,34794.0,2019-08-31,5,1,False,0,0,0,0,True
335,10007,58810.0,2019-09-01,6,1,False,0,0,0,0,True
336,10007,18645.0,2019-09-03,1,0,False,0,0,0,0,True
337,10007,1689.0,2019-09-05,3,0,False,0,0,0,0,True
338,10007,86357.0,2019-09-06,4,0,False,0,0,0,0,True
339,10007,125963.0,2019-09-07,5,1,False,0,0,0,0,True
340,10007,41862.0,2019-09-08,6,1,False,0,0,0,0,True
341,10007,5373.0,2019-09-13,4,0,False,0,0,0,0,True
342,10007,67.0,2019-09-15,6,1,False,0,0,0,0,True
343,10007,68717.0,2019-09-21,5,1,False,0,0,0,0,True
344,10007,20323.0,2019-09-22,6,1,False,0,0,0,0,True
345,10007,35665.0,2019-09-26,3,0,False,0,0,0,0,True
346,10007,234.0,2019-09-27,4,0,False,0,0,0,0,True
347,10007,214.0,2019-09-28,5,1,False,0,0,0,0,True
348,10007,566.0,2019-09-29,6,1,False,0,0,0,0,True
349,10007,91495.0,2019-10-04,4,0,False,0,0,0,0,True
350,10007,93986.0,2019-10-05,5,1,False,0,0,0,0,True
351,10007,405.0,2019-10-06,6,1,False,0,0,0,0,True
352,10007,44184.0,2019-10-12,5,1,True,1,0,0,1,True
353,10007,10676.0,2019-10-13,6,1,False,0,0,0,0,True
354,10007,24993.0,2019-10-18,4,0,False,0,0,0,0,True
355,10007,34531.0,2019-10-19,5,1,False,0,0,0,0,True
356,10007,24809.0,2019-11-01,4,0,True,1,0,0,1,True
357,10007,31527.0,2019-11-02,5,1,False,0,0,0,0,True
358,10007,16401.0,2019-11-08,4,0,False,0,0,0,0,True
359,10007,43080.0,2019-11-09,5,1,False,0,0,0,0,True
360,10007,126.0,2019-11-10,6,1,False,0,0,0,0,True
361,10007,11087.0,2019-11-15,4,0,False,0,0,0,0,True
362,10007,27352.0,2019-11-16,5,1,False,0,0,0,0,True
363,10007,87116.0,2019-11-22,4,0,False,0,0,0,0,True
364,10007,58935.0,2019-11-23,5,1,False,0,0,0,0,True
365,10007,13681.0,2019-11-24,6,1,False,0,0,0,0,True
366,10007,9557.0,2019-11-28,3,0,False,0,0,0,0,True
367,10007,20446.0,2019-11-29,4,0,False,0,0,0,0,True
368,10007,398.0,2019-11-30,5,1,False,0,0,0,0,True
369,10007,6618.0,2019-12-03,1,0,False,0,0,0,0,True
370,10007,32456.0,2019-12-06,4,0,False,0,0,0,0,True
371,10007,70740.0,2019-12-07,5,1,False,0,1,1,1,True
372,10007,24662.0,2019-12-12,3,0,False,0,0,0,0,True
373,10007,61272.0,2019-12-13,4,0,False,0,0,0,0,True
374,10007,97275.0,2019-12-14,5,1,False,0,0,0,0,True
375,10007,29162.0,2019-12-15,6,1,False,0,0,0,0,True
376,10007,26523.0,2019-12-20,4,0,False,0,0,0,0,True
377,10007,65385.0,2019-12-21,5,1,False,0,0,0,0,True
378,10007,67874.0,2019-12-22,6,1,False,0,0,0,0,True
379,10007,22754.0,2019-12-26,3,0,False,0,0,0,0,True
380,10007,155858.0,2019-12-27,4,0,False,0,0,0,0,True
381,10007,106877.0,2019-12-28,5,1,False,0,0,0,0,True
382,10007,203850.0,2019-12-29,6,1,False,0,0,0,0,True
383,10007,224048.0,2019-12-30,0,0,False,0,0,0,0,True
384,10007,119065.0,2019-12-31,1,0,False,0,1,1,1,True
385,10007,82097.0,2020-01-01,2,0,True,1,0,0,1,True
386,10008,6335.0,2018-01-05,4,0,False,0,0,0,0,True
387,10008,3339.0,2018-01-12,4,0,False,0,0,0,0,True
388,10008,2035.0,2018-01-19,4,0,False,0,0,0,0,True
389,10008,3050.0,2018-01-20,5,1,False,0,0,0,0,True
390,10008,7263.0,2018-02-26,0,0,False,0,0,0,0,True
391,10008,4851.0,2018-02-28,2,0,False,0,0,0,0,True
392,10008,5744.0,2018-03-03,5,1,False,0,0,0,0,True
393,10008,5188.0,2018-04-06,4,0,False,0,0,0,0,True
394,10008,2265.0,2018-04-27,4,0,False,0,0,0,0,True
395,10008,7346.0,2018-04-29,6,1,False,0,0,0,0,True
396,10008,4460.0,2018-05-17,3,0,False,0,0,0,0,True
397,10008,4089.0,2018-05-18,4,0,False,0,0,0,0,True
398,10008,6889.0,2018-05-19,5,1,False,0,0,0,0,True
399,10008,2373.0,2018-05-20,6,1,False,0,1,1,1,True
400,10008,7467.0,2018-07-14,5,1,False,0,0,0,0,True
401,10008,2048.0,2018-07-15,6,1,False,0,1,1,1,True
402,10008,9110.0,2018-07-28,5,1,False,0,0,0,0,True
403,10008,13167.0,2018-08-03,4,0,False,0,0,0,0,True
404,10008,5458.0,2018-08-04,5,1,False,0,0,0,0,True
405,10008,7692.0,2018-09-08,5,1,False,0,0,0,0,True
406,10008,11366.0,2018-10-13,5,1,False,0,0,0,0,True
407,10008,6861.0,2018-11-01,3,0,True,1,0,0,1,True
408,10008,20117.0,2018-12-08,5,1,True,1,0,0,1,True
409,10008,4581.0,2018-12-29,5,1,False,0,0,0,0,True
410,10008,1603.0,2019-03-01,4,0,False,0,0,0,0,True
411,10008,2458.0,2019-04-18,3,0,False,0,1,1,1,True
412,10008,2461.0,2019-05-03,4,0,False,0,0,0,0,True
413,10008,13907.0,2019-06-01,5,1,False,0,0,0,0,True
414,10008,3557.0,2019-06-02,6,1,False,0,0,0,0,True
415,10008,3098.0,2019-07-12,4,0,False,0,0,0,0,True
416,10008,2351.0,2019-07-28,6,1,False,0,0,0,0,True
417,10008,4393.0,2019-08-15,3,0,True,1,0,0,1,True
418,10014,45554.0,2018-01-15,0,0,False,0,0,0,0,True
419,10014,95046.0,2018-01-20,5,1,False,0,0,0,0,True
420,10014,23527.0,2018-01-31,2,0,False,0,0,0,0,True
421,10014,40354.0,2018-02-13,1,0,False,0,0,0,0,True
422,10014,107399.0,2018-02-17,5,1,False,0,0,0,0,True
423,10014,73349.0,2018-03-09,4,0,False,0,0,0,0,True
424,10014,5850.0,2018-03-11,6,1,False,0,0,0,0,True
425,10014,6074.0,2018-03-13,1,0,False,0,0,0,0,True
426,10014,56006.0,2018-03-16,4,0,False,0,0,0,0,True
427,10014,789.0,2018-03-17,5,1,False,0,0,0,0,True
428,10014,11507.0,2018-03-22,3,0,False,0,0,0,0,True
429,10014,83781.0,2018-03-24,5,1,False,0,0,0,0,True
430,10014,2391.0,2018-03-27,1,0,False,0,0,0,0,True
431,10014,92456.0,2018-03-31,5,1,True,1,0,0,1,True
432,10014,9144.0,2018-04-05,3,0,False,0,0,0,0,True
433,10014,80833.0,2018-04-07,5,1,False,0,0,0,0,True
434,10014,6053.0,2018-04-20,4,0,False,0,0,0,0,True
435,10014,16322.0,2018-04-21,5,1,False,0,0,0,0,True
436,10014,101459.0,2018-07-28,5,1,False,0,0,0,0,True
437,10014,2823.0,2018-07-29,6,1,False,0,0,0,0,True
438,10014,69798.0,2018-08-04,5,1,False,0,0,0,0,True
439,10014,12241.0,2018-08-12,6,1,False,0,0,0,0,True
440,10014,6908.0,2018-08-14,1,0,False,0,1,1,1,True
441,10014,12514.0,2018-08-16,3,0,False,0,0,0,0,True
442,10014,5521.0,2018-08-19,6,1,False,0,0,0,0,True
443,10014,16037.0,2018-08-23,3,0,False,0,0,0,0,True
444,10014,23690.0,2018-08-24,4,0,False,0,0,0,0,True
445,10014,3039.0,2018-09-09,6,1,False,0,0,0,0,True
446,10014,12815.0,2018-09-13,3,0,False,0,0,0,0,True
447,10014,27796.0,2018-10-04,3,0,False,0,0,0,0,True
448,10014,16971.0,2018-10-07,6,1,False,0,0,0,0,True
449,10014,9396.0,2018-10-12,4,0,True,1,0,0,1,True
450,10014,27022.0,2018-10-13,5,1,False,0,0,0,0,True
451,10014,133815.0,2018-10-14,6,1,False,0,0,0,0,True
452,10014,8015.0,2018-10-21,6,1,False,0,0,0,0,True
453,10014,22198.0,2018-10-26,4,0,False,0,0,0,0,True
454,10014,9368.0,2018-10-27,5,1,False,0,0,0,0,True
455,10014,4359.0,2018-11-12,0,0,False,0,0,0,0,True
456,10014,48149.0,2018-11-15,3,0,False,0,0,0,0,True
457,10014,9266.0,2018-12-06,3,0,False,0,0,0,0,True
458,10014,36829.0,2018-12-13,3,0,False,0,0,0,0,True
459,10014,117490.0,2018-12-22,5,1,False,0,0,0,0,True
460,10014,53751.0,2018-12-28,4,0,False,0,0,0,0,True
461,10014,54365.0,2019-01-25,4,0,False,0,0,0,0,True
462,10014,73920.0,2019-01-26,5,1,False,0,0,0,0,True
463,10014,13852.0,2019-02-11,0,0,False,0,0,0,0,True
464,10014,98492.0,2019-02-14,3,0,False,0,0,0,0,True
465,10014,20366.0,2019-02-19,1,0,False,0,0,0,0,True
466,10014,8281.0,2019-03-08,4,0,False,0,0,0,0,True
467,10014,3604.0,2019-03-22,4,0,False,0,0,0,0,True
468,10014,8632.0,2019-03-23,5,1,False,0,0,0,0,True
469,10014,9132.0,2019-03-26,1,0,False,0,0,0,0,True
470,10014,58754.0,2019-04-03,2,0,False,0,0,0,0,True
471,10014,11113.0,2019-04-25,3,0,False,0,0,0,0,True
472,10014,25154.0,2019-04-26,4,0,False,0,0,0,0,True
473,10014,8655.0,2019-05-01,2,0,True,1,0,0,1,True
474,10014,6028.0,2019-05-02,3,0,False,0,0,0,0,True
475,10014,5650.0,2019-05-04,5,1,False,0,0,0,0,True
476,10014,2630.0,2019-05-05,6,1,False,0,0,0,0,True
477,10014,13225.0,2019-05-16,3,0,False,0,0,0,0,True
478,10014,67499.0,2019-05-18,5,1,False,0,0,0,0,True
479,10014,3018.0,2019-05-20,0,0,False,0,1,1,1,True
480,10014,11305.0,2019-05-24,4,0,False,0,0,0,0,True
481,10014,3199.0,2019-05-25,5,1,False,0,0,0,0,True
482,10014,13260.0,2019-09-08,6,1,False,0,0,0,0,True
483,10014,12722.0,2019-09-12,3,0,False,0,0,0,0,True
484,10014,44552.0,2019-09-14,5,1,False,0,0,0,0,True
485,10014,100726.0,2019-10-11,4,0,False,0,1,1,1,True
486,10014,70471.0,2019-10-12,5,1,True,1,0,0,1,True
487,10023,846.0,2018-01-02,1,0,False,0,0,0,0,True
488,10023,1173.0,2018-01-03,2,0,False,0,0,0,0,True
489,10023,1096.0,2018-01-09,1,0,False,0,0,0,0,True
490,10023,6165.0,2018-01-13,5,1,False,0,0,0,0,True
491,10023,769.0,2018-01-17,2,0,False,0,0,0,0,True
492,10023,1737.0,2018-01-22,0,0,False,0,0,0,0,True
493,10023,281.0,2018-01-23,1,0,False,0,0,0,0,True
494,10023,3.0,2018-01-31,2,0,False,0,0,0,0,True
495,10023,11.0,2018-02-01,3,0,False,0,0,0,0,True
496,10023,800.0,2018-02-03,5,1,False,0,0,0,0,True
497,10023,37.0,2018-02-04,6,1,False,0,0,0,0,True
498,10023,153.0,2018-02-12,0,0,False,0,0,0,0,True
499,10023,10.0,2018-02-15,3,0,False,0,0,0,0,True
500,10023,13.0,2018-02-18,6,1,False,0,0,0,0,True
501,10023,6417.0,2018-02-20,1,0,False,0,0,0,0,True
502,10023,11.0,2018-02-21,2,0,False,0,0,0,0,True
503,10023,3387.0,2018-02-24,5,1,False,0,0,0,0,True
504,10023,1050.0,2018-03-01,3,0,False,0,0,0,0,True
505,10023,12.0,2018-03-04,6,1,False,0,0,0,0,True
506,10023,50.0,2018-03-06,1,0,False,0,0,0,0,True
507,10023,2191.0,2018-03-07,2,0,False,0,0,0,0,True
508,10023,39.0,2018-03-12,0,0,False,0,0,0,0,True
509,10023,45.0,2018-03-14,2,0,False,0,0,0,0,True
510,10023,29.0,2018-03-17,5,1,False,0,0,0,0,True
511,10023,1370.0,2018-03-20,1,0,False,0,0,0,0,True
512,10023,20.0,2018-03-28,2,0,False,0,0,0,0,True
513,10023,34.0,2018-04-01,6,1,True,1,0,0,1,True
514,10023,2108.0,2018-04-06,4,0,False,0,0,0,0,True
515,10023,2576.0,2018-04-11,2,0,False,0,0,0,0,True
516,10023,15.0,2018-04-19,3,0,False,0,0,0,0,True
517,10023,59.0,2018-04-28,5,1,False,0,0,0,0,True
518,10023,14.0,2018-04-29,6,1,False,0,0,0,0,True
519,10023,486.0,2018-05-07,0,0,False,0,0,0,0,True
520,10023,1547.0,2018-05-08,1,0,False,0,0,0,0,True
521,10023,313.0,2018-05-24,3,0,False,0,0,0,0,True
522,10023,342.0,2018-06-06,2,0,False,0,0,0,0,True
523,10023,611.0,2018-06-13,2,0,False,0,0,0,0,True
524,10023,700.0,2018-06-20,2,0,False,0,0,0,0,True
525,10023,801.0,2018-06-25,0,0,False,0,0,0,0,True
526,10023,125.0,2018-07-10,1,0,False,0,0,0,0,True
527,10023,1341.0,2018-07-21,5,1,False,0,0,0,0,True
528,10023,3383.0,2018-08-10,4,0,False,0,0,0,0,True
529,10023,17.0,2018-08-11,5,1,False,0,0,0,0,True
530,10023,1.0,2018-08-21,1,0,False,0,0,0,0,True
531,10023,11044.0,2018-09-06,3,0,False,0,0,0,0,True
532,10023,53.0,2018-10-08,0,0,False,0,0,0,0,True
533,10023,202.0,2018-10-10,2,0,False,0,0,0,0,True
534,10023,3495.0,2018-10-18,3,0,False,0,0,0,0,True
535,10023,483.0,2018-12-04,1,0,False,0,0,0,0,True
536,10023,2403.0,2018-12-05,2,0,False,0,0,0,0,True
537,10023,2039.0,2018-12-11,1,0,False,0,0,0,0,True
538,10023,161.0,2018-12-12,2,0,False,0,0,0,0,True
539,10023,1724.0,2018-12-18,1,0,False,0,0,0,0,True
540,10023,433.0,2018-12-29,5,1,False,0,0,0,0,True
541,10023,7901.0,2019-01-05,5,1,False,0,0,0,0,True
542,10023,1159.0,2019-01-09,2,0,False,0,0,0,0,True
543,10023,90.0,2019-01-14,0,0,False,0,0,0,0,True
544,10023,219.0,2019-01-22,1,0,False,0,0,0,0,True
545,10023,195.0,2019-01-24,3,0,False,0,0,0,0,True
546,10023,650.0,2019-01-31,3,0,False,0,0,0,0,True
547,10023,58.0,2019-02-05,1,0,False,0,0,0,0,True
548,10023,103.0,2019-02-19,1,0,False,0,0,0,0,True
549,10023,395.0,2019-02-21,3,0,False,0,0,0,0,True
550,10023,2525.0,2019-02-26,1,0,False,0,0,0,0,True
551,10023,2605.0,2019-02-28,3,0,False,0,0,0,0,True
552,10023,146.0,2019-03-14,3,0,False,0,0,0,0,True
553,10023,879.0,2019-03-19,1,0,False,0,0,0,0,True
554,10023,193.0,2019-03-26,1,0,False,0,0,0,0,True
555,10023,913.0,2019-03-28,3,0,False,0,0,0,0,True
556,10023,89.0,2019-03-31,6,1,False,0,0,0,0,True
557,10023,728.0,2019-04-04,3,0,False,0,0,0,0,True
558,10023,136.0,2019-04-05,4,0,False,0,0,0,0,True
559,10023,99.0,2019-04-11,3,0,False,0,0,0,0,True
560,10023,563.0,2019-04-17,2,0,False,0,0,0,0,True
561,10023,461.0,2019-04-24,2,0,False,0,0,0,0,True
562,10023,566.0,2019-04-25,3,0,False,0,0,0,0,True
563,10023,190.0,2019-04-28,6,1,False,0,0,0,0,True
564,10023,3921.0,2019-05-04,5,1,False,0,0,0,0,True
565,10023,99.0,2019-05-14,1,0,False,0,0,0,0,True
566,10023,1297.0,2019-05-16,3,0,False,0,0,0,0,True
567,10023,1730.0,2019-05-24,4,0,False,0,0,0,0,True
568,10023,530.0,2019-05-31,4,0,False,0,0,0,0,True
569,10023,29.0,2019-06-04,1,0,False,0,0,0,0,True
570,10023,4.0,2019-06-05,2,0,False,0,0,0,0,True
571,10023,247.0,2019-06-06,3,0,False,0,0,0,0,True
572,10023,413.0,2019-06-10,0,0,False,0,0,0,0,True
573,10023,8.0,2019-06-12,2,0,False,0,0,0,0,True
574,10023,10.0,2019-06-17,0,0,False,0,0,0,0,True
575,10023,46.0,2019-06-20,3,0,False,0,0,0,0,True
576,10023,836.0,2019-06-22,5,1,False,0,0,0,0,True
577,10023,14.0,2019-06-24,0,0,False,0,0,0,0,True
578,10023,2600.0,2019-07-03,2,0,False,0,0,0,0,True
579,10023,97.0,2019-07-04,3,0,False,0,0,0,0,True
580,10023,66.0,2019-07-16,1,0,True,1,0,0,1,True
581,10023,2.0,2019-07-21,6,1,False,0,0,0,0,True
582,10023,1494.0,2019-08-15,3,0,True,1,0,0,1,True
583,10023,8.0,2019-08-18,6,1,False,0,0,0,0,True
584,10023,9.0,2019-08-19,0,0,False,0,0,0,0,True
585,10023,204.0,2019-08-29,3,0,False,0,0,0,0,True
586,10023,14.0,2019-08-30,4,0,False,0,0,0,0,True
587,10023,13.0,2019-09-01,6,1,False,0,0,0,0,True
588,10023,54.0,2019-09-06,4,0,False,0,0,0,0,True
589,10023,249.0,2019-09-11,2,0,False,0,0,0,0,True
590,10023,4.0,2019-09-13,4,0,False,0,0,0,0,True
591,10023,32.0,2019-09-16,0,0,False,0,0,0,0,True
592,10023,218.0,2019-09-17,1,0,False,0,1,1,1,True
593,10023,5.0,2019-09-18,2,0,True,1,0,0,1,True
594,10023,2681.0,2019-09-25,2,0,False,0,0,0,0,True
595,10023,23.0,2019-09-29,6,1,False,0,0,0,0,True
596,10023,26.0,2019-10-11,4,0,False,0,1,1,1,True
597,10023,197.0,2019-10-14,0,0,False,0,0,0,0,True
598,10023,1.0,2019-10-15,1,0,False,0,0,0,0,True
599,10023,96.0,2019-10-17,3,0,False,0,0,0,0,True
600,10023,191.0,2019-10-30,2,0,False,0,1,1,1,True
601,10023,6439.0,2019-11-06,2,0,False,0,0,0,0,True
602,10023,392.0,2019-11-18,0,0,False,0,0,0,0,True
603,10023,26.0,2019-11-25,0,0,False,0,0,0,0,True
604,10023,205.0,2019-12-02,0,0,False,0,0,0,0,True
605,10023,195.0,2019-12-05,3,0,False,0,0,0,0,True
606,10023,333.0,2019-12-09,0,0,False,0,0,0,0,True
607,10023,522.0,2019-12-13,4,0,False,0,0,0,0,True
608,10025,3755.0,2018-01-09,1,0,False,0,0,0,0,True
609,10025,2077.0,2018-01-10,2,0,False,0,0,0,0,True
610,10025,3160.0,2018-01-11,3,0,False,0,0,0,0,True
611,10025,4811.0,2018-01-12,4,0,False,0,0,0,0,True
612,10025,3872.0,2018-01-13,5,1,False,0,0,0,0,True
613,10025,2039.0,2018-01-14,6,1,False,0,0,0,0,True
614,10025,2543.0,2018-01-15,0,0,False,0,0,0,0,True
615,10025,2936.0,2018-01-18,3,0,False,0,0,0,0,True
616,10025,4800.0,2018-01-21,6,1,False,0,0,0,0,True
617,10025,10431.0,2018-01-22,0,0,False,0,0,0,0,True
618,10025,8473.0,2018-01-23,1,0,False,0,0,0,0,True
619,10025,3546.0,2018-01-24,2,0,False,0,0,0,0,True
620,10025,6916.0,2018-01-25,3,0,False,0,0,0,0,True
621,10025,10723.0,2018-01-29,0,0,False,0,0,0,0,True
622,10025,4325.0,2018-01-30,1,0,False,0,0,0,0,True
623,10025,10019.0,2018-01-31,2,0,False,0,0,0,0,True
624,10025,3342.0,2018-02-01,3,0,False,0,0,0,0,True
625,10025,32709.0,2018-02-02,4,0,False,0,0,0,0,True
626,10025,2058.0,2018-02-03,5,1,False,0,0,0,0,True
627,10025,3884.0,2018-02-04,6,1,False,0,0,0,0,True
628,10025,7291.0,2018-02-05,0,0,False,0,0,0,0,True
629,10025,8957.0,2018-02-06,1,0,False,0,0,0,0,True
630,10025,3861.0,2018-02-07,2,0,False,0,0,0,0,True
631,10025,4400.0,2018-02-08,3,0,False,0,0,0,0,True
632,10025,1149.0,2018-02-10,5,1,False,0,0,0,0,True
633,10025,5937.0,2018-02-11,6,1,False,0,0,0,0,True
634,10025,3389.0,2018-02-19,0,0,False,0,0,0,0,True
635,10025,18858.0,2018-02-20,1,0,False,0,0,0,0,True
636,10025,4756.0,2018-02-21,2,0,False,0,0,0,0,True
637,10025,7735.0,2018-02-23,4,0,False,0,0,0,0,True
638,10025,6784.0,2018-02-24,5,1,False,0,0,0,0,True
639,10025,5582.0,2018-02-25,6,1,False,0,0,0,0,True
640,10025,3862.0,2018-02-26,0,0,False,0,0,0,0,True
641,10025,12182.0,2018-02-27,1,0,False,0,0,0,0,True
642,10025,4424.0,2018-02-28,2,0,False,0,0,0,0,True
643,10025,2711.0,2018-03-01,3,0,False,0,0,0,0,True
644,10025,7694.0,2018-03-02,4,0,False,0,0,0,0,True
645,10025,6660.0,2018-03-03,5,1,False,0,0,0,0,True
646,10025,4676.0,2018-03-04,6,1,False,0,0,0,0,True
647,10025,5168.0,2018-03-05,0,0,False,0,0,0,0,True
648,10025,3413.0,2018-03-06,1,0,False,0,0,0,0,True
649,10025,4495.0,2018-03-07,2,0,False,0,0,0,0,True
650,10025,3508.0,2018-03-08,3,0,False,0,0,0,0,True
651,10025,6920.0,2018-03-09,4,0,False,0,0,0,0,True
652,10025,19169.0,2018-03-10,5,1,False,0,0,0,0,True
653,10025,6996.0,2018-03-11,6,1,False,0,0,0,0,True
654,10025,3660.0,2018-03-12,0,0,False,0,0,0,0,True
655,10025,3618.0,2018-03-13,1,0,False,0,0,0,0,True
656,10025,5427.0,2018-03-17,5,1,False,0,0,0,0,True
657,10025,7307.0,2018-03-18,6,1,False,0,0,0,0,True
658,10025,10434.0,2018-03-19,0,0,False,0,0,0,0,True
659,10025,5199.0,2018-03-21,2,0,False,0,0,0,0,True
660,10025,16609.0,2018-03-23,4,0,False,0,0,0,0,True
661,10025,6054.0,2018-03-24,5,1,False,0,0,0,0,True
662,10025,8679.0,2018-03-26,0,0,False,0,0,0,0,True
663,10025,10158.0,2018-03-27,1,0,False,0,0,0,0,True
664,10025,2301.0,2018-04-19,3,0,False,0,0,0,0,True
665,10025,128.0,2018-04-30,0,0,False,0,1,1,1,True
666,10025,2559.0,2018-05-18,4,0,False,0,0,0,0,True
667,10025,1266.0,2018-05-19,5,1,False,0,0,0,0,True
668,10025,28188.0,2018-05-20,6,1,False,0,1,1,1,True
669,10025,12529.0,2018-05-21,0,0,True,1,0,0,1,True
670,10025,4594.0,2018-05-22,1,0,False,0,0,0,0,True
671,10025,8214.0,2018-05-23,2,0,False,0,0,0,0,True
672,10025,19287.0,2018-05-31,3,0,False,0,0,0,0,True
673,10025,7218.0,2018-06-01,4,0,False,0,0,0,0,True
674,10025,3417.0,2018-06-02,5,1,False,0,0,0,0,True
675,10025,10791.0,2018-06-08,4,0,False,0,0,0,0,True
676,10025,2510.0,2018-06-09,5,1,False,0,0,0,0,True
677,10025,10576.0,2018-06-10,6,1,False,0,0,0,0,True
678,10025,9425.0,2018-06-11,0,0,False,0,0,0,0,True
679,10025,3889.0,2018-06-19,1,0,False,0,0,0,0,True
680,10025,1506.0,2018-07-05,3,0,False,0,0,0,0,True
681,10025,16564.0,2018-07-13,4,0,False,0,0,0,0,True
682,10025,4122.0,2018-07-14,5,1,False,0,0,0,0,True
683,10025,16370.0,2018-07-15,6,1,False,0,1,1,1,True
684,10025,3538.0,2018-07-16,0,0,True,1,0,0,1,True
685,10025,8578.0,2018-07-17,1,0,False,0,0,0,0,True
686,10025,14379.0,2018-07-18,2,0,False,0,0,0,0,True
687,10025,3017.0,2018-07-19,3,0,False,0,0,0,0,True
688,10025,3388.0,2018-08-02,3,0,False,0,0,0,0,True
689,10025,5200.0,2018-08-04,5,1,False,0,0,0,0,True
690,10025,7407.0,2018-09-01,5,1,False,0,0,0,0,True
691,10025,8163.0,2018-09-08,5,1,False,0,0,0,0,True
692,10025,2367.0,2018-09-29,5,1,False,0,0,0,0,True
693,10025,19703.0,2018-10-04,3,0,False,0,0,0,0,True
694,10025,14573.0,2018-10-05,4,0,False,0,0,0,0,True
695,10025,6984.0,2018-10-06,5,1,False,0,0,0,0,True
696,10025,8137.0,2018-10-07,6,1,False,0,0,0,0,True
697,10025,1713.0,2018-10-08,0,0,False,0,0,0,0,True
698,10025,3976.0,2018-10-09,1,0,False,0,0,0,0,True
699,10025,15063.0,2018-10-24,2,0,False,0,0,0,0,True
700,10025,2955.0,2018-10-25,3,0,False,0,0,0,0,True
701,10025,5901.0,2018-10-26,4,0,False,0,0,0,0,True
702,10025,9085.0,2018-10-27,5,1,False,0,0,0,0,True
703,10025,6610.0,2018-10-28,6,1,False,0,0,0,0,True
704,10025,9306.0,2018-10-29,0,0,False,0,0,0,0,True
705,10025,7371.0,2018-10-30,1,0,False,0,1,1,1,True
706,10025,3729.0,2018-10-31,2,0,True,1,0,0,1,True
707,10025,4187.0,2018-11-01,3,0,True,1,0,0,1,True
708,10025,3230.0,2018-11-03,5,1,False,0,0,0,0,True
709,10025,4742.0,2018-11-04,6,1,False,0,0,0,0,True
710,10025,8329.0,2018-11-05,0,0,False,0,0,0,0,True
711,10025,4119.0,2018-11-06,1,0,False,0,0,0,0,True
712,10025,12392.0,2018-11-07,2,0,False,0,0,0,0,True
713,10025,6060.0,2018-11-08,3,0,False,0,0,0,0,True
714,10025,8473.0,2018-11-09,4,0,False,0,0,0,0,True
715,10025,3517.0,2018-11-10,5,1,False,0,0,0,0,True
716,10025,20085.0,2018-11-11,6,1,False,0,0,0,0,True
717,10025,21360.0,2018-11-12,0,0,False,0,0,0,0,True
718,10025,10083.0,2018-11-13,1,0,False,0,0,0,0,True
719,10025,1485.0,2018-11-24,5,1,False,0,0,0,0,True
720,10025,5108.0,2018-12-19,2,0,False,0,0,0,0,True
721,10025,13201.0,2018-12-29,5,1,False,0,0,0,0,True
722,10025,33099.0,2019-01-09,2,0,False,0,0,0,0,True
723,10025,21002.0,2019-01-10,3,0,False,0,0,0,0,True
724,10025,7071.0,2019-01-11,4,0,False,0,0,0,0,True
725,10025,15213.0,2019-01-12,5,1,False,0,0,0,0,True
726,10025,11260.0,2019-01-13,6,1,False,0,0,0,0,True
727,10025,3582.0,2019-01-15,1,0,False,0,0,0,0,True
728,10025,10690.0,2019-01-16,2,0,False,0,0,0,0,True
729,10025,22638.0,2019-01-17,3,0,False,0,0,0,0,True
730,10025,11841.0,2019-01-21,0,0,False,0,0,0,0,True
731,10025,7520.0,2019-01-22,1,0,False,0,0,0,0,True
732,10025,9670.0,2019-01-23,2,0,False,0,0,0,0,True
733,10025,16648.0,2019-01-24,3,0,False,0,0,0,0,True
734,10025,16427.0,2019-01-25,4,0,False,0,0,0,0,True
735,10025,10985.0,2019-01-26,5,1,False,0,0,0,0,True
736,10025,12618.0,2019-01-27,6,1,False,0,0,0,0,True
737,10025,11460.0,2019-01-28,0,0,False,0,0,0,0,True
738,10025,24618.0,2019-01-30,2,0,False,0,0,0,0,True
739,10025,7072.0,2019-01-31,3,0,False,0,0,0,0,True
740,10025,28599.0,2019-02-01,4,0,False,0,0,0,0,True
741,10025,22464.0,2019-02-02,5,1,False,0,0,0,0,True
742,10025,17699.0,2019-02-03,6,1,False,0,0,0,0,True
743,10025,18419.0,2019-02-04,0,0,False,0,0,0,0,True
744,10025,15115.0,2019-02-05,1,0,False,0,0,0,0,True
745,10025,7650.0,2019-02-06,2,0,False,0,0,0,0,True
746,10025,10302.0,2019-02-07,3,0,False,0,0,0,0,True
747,10025,13861.0,2019-02-09,5,1,False,0,0,0,0,True
748,10025,12809.0,2019-02-10,6,1,False,0,0,0,0,True
749,10025,2820.0,2019-02-11,0,0,False,0,0,0,0,True
750,10025,18569.0,2019-02-12,1,0,False,0,0,0,0,True
751,10025,40361.0,2019-02-14,3,0,False,0,0,0,0,True
752,10025,5364.0,2019-02-15,4,0,False,0,0,0,0,True
753,10025,8384.0,2019-02-16,5,1,False,0,0,0,0,True
754,10025,19430.0,2019-02-17,6,1,False,0,0,0,0,True
755,10025,8159.0,2019-02-18,0,0,False,0,0,0,0,True
756,10025,26339.0,2019-02-19,1,0,False,0,0,0,0,True
757,10025,7702.0,2019-02-21,3,0,False,0,0,0,0,True
758,10025,10130.0,2019-02-23,5,1,False,0,0,0,0,True
759,10025,17554.0,2019-02-25,0,0,False,0,0,0,0,True
760,10025,1395.0,2019-02-26,1,0,False,0,0,0,0,True
761,10025,2954.0,2019-02-27,2,0,False,0,0,0,0,True
762,10025,4326.0,2019-02-28,3,0,False,0,0,0,0,True
763,10025,12363.0,2019-03-02,5,1,False,0,0,0,0,True
764,10025,21123.0,2019-03-08,4,0,False,0,0,0,0,True
765,10025,8365.0,2019-03-09,5,1,False,0,0,0,0,True
766,10025,6358.0,2019-03-10,6,1,False,0,0,0,0,True
767,10025,5152.0,2019-03-12,1,0,False,0,0,0,0,True
768,10025,1561.0,2019-03-13,2,0,False,0,0,0,0,True
769,10025,1882.0,2019-03-15,4,0,False,0,0,0,0,True
770,10025,15937.0,2019-03-16,5,1,False,0,0,0,0,True
771,10025,15791.0,2019-03-17,6,1,False,0,0,0,0,True
772,10025,13808.0,2019-03-19,1,0,False,0,0,0,0,True
773,10025,623.0,2019-03-21,3,0,False,0,0,0,0,True
774,10025,9049.0,2019-03-22,4,0,False,0,0,0,0,True
775,10025,11437.0,2019-03-23,5,1,False,0,0,0,0,True
776,10025,1866.0,2019-03-24,6,1,False,0,0,0,0,True
777,10025,6474.0,2019-03-28,3,0,False,0,0,0,0,True
778,10025,3328.0,2019-03-29,4,0,False,0,0,0,0,True
779,10025,5032.0,2019-03-30,5,1,False,0,0,0,0,True
780,10025,15008.0,2019-03-31,6,1,False,0,0,0,0,True
781,10025,4197.0,2019-04-02,1,0,False,0,0,0,0,True
782,10025,10392.0,2019-04-04,3,0,False,0,0,0,0,True
783,10025,5524.0,2019-04-12,4,0,False,0,0,0,0,True
784,10025,6077.0,2019-04-30,1,0,False,0,1,1,1,True
785,10025,9568.0,2019-05-30,3,0,False,0,0,0,0,True
786,10025,2202.0,2019-05-31,4,0,False,0,0,0,0,True
787,10025,3142.0,2019-06-06,3,0,False,0,0,0,0,True
788,10025,1.0,2019-06-11,1,0,False,0,0,0,0,True
789,10025,14422.0,2019-06-14,4,0,False,0,0,0,0,True
790,10025,9502.0,2019-06-15,5,1,False,0,0,0,0,True
791,10025,9385.0,2019-06-16,6,1,False,0,0,0,0,True
792,10025,5049.0,2019-06-17,0,0,False,0,0,0,0,True
793,10025,17405.0,2019-06-27,3,0,False,0,0,0,0,True
794,10025,26000.0,2019-06-29,5,1,True,1,0,0,1,True
795,10025,30896.0,2019-06-30,6,1,False,0,0,0,0,True
796,10025,3382.0,2019-07-04,3,0,False,0,0,0,0,True
797,10025,19056.0,2019-07-11,3,0,False,0,0,0,0,True
798,10025,24938.0,2019-07-12,4,0,False,0,0,0,0,True
799,10025,13736.0,2019-07-13,5,1,False,0,0,0,0,True
800,10025,9307.0,2019-07-14,6,1,False,0,0,0,0,True
801,10025,12461.0,2019-07-25,3,0,False,0,0,0,0,True
802,10025,12738.0,2019-07-26,4,0,False,0,0,0,0,True
803,10025,22289.0,2019-07-27,5,1,False,0,0,0,0,True
804,10025,2984.0,2019-07-28,6,1,False,0,0,0,0,True
805,10025,4759.0,2019-07-29,0,0,False,0,0,0,0,True
806,10025,4651.0,2019-08-08,3,0,False,0,0,0,0,True
807,10025,9323.0,2019-08-16,4,0,False,0,0,0,0,True
808,10025,4825.0,2019-08-17,5,1,False,0,0,0,0,True
809,10025,10974.0,2019-08-18,6,1,False,0,0,0,0,True
810,10025,1803.0,2019-09-05,3,0,False,0,0,0,0,True
811,10025,10702.0,2019-10-10,3,0,False,0,0,0,0,True
812,10025,7310.0,2019-10-11,4,0,False,0,1,1,1,True
813,10025,16462.0,2019-10-12,5,1,True,1,0,0,1,True
814,10025,15008.0,2019-10-13,6,1,False,0,0,0,0,True
815,10025,2497.0,2019-11-22,4,0,False,0,0,0,0,True
816,10025,3701.0,2019-11-23,5,1,False,0,0,0,0,True
817,10025,3438.0,2019-11-24,6,1,False,0,0,0,0,True
818,10025,2933.0,2019-12-03,1,0,False,0,0,0,0,True
819,10025,16505.0,2019-12-04,2,0,False,0,0,0,0,True
820,10025,10134.0,2019-12-05,3,0,False,0,0,0,0,True
821,10025,7227.0,2019-12-06,4,0,False,0,0,0,0,True
822,10025,22014.0,2019-12-07,5,1,False,0,1,1,1,True
823,10025,6356.0,2019-12-08,6,1,True,1,0,0,1,True
824,10025,11131.0,2019-12-09,0,0,False,0,0,0,0,True
825,10025,898.0,2019-12-10,1,0,False,0,0,0,0,True
826,10025,8686.0,2019-12-11,2,0,False,0,0,0,0,True
827,10025,6587.0,2019-12-26,3,0,False,0,0,0,0,True
828,10027,17332.0,2018-02-02,4,0,False,0,0,0,0,True
829,10027,12331.0,2018-02-03,5,1,False,0,0,0,0,True
830,10027,13118.0,2018-02-17,5,1,False,0,0,0,0,True
831,10027,3697.0,2018-02-18,6,1,False,0,0,0,0,True
832,10027,12001.0,2018-02-19,0,0,False,0,0,0,0,True
833,10027,1734.0,2018-02-21,2,0,False,0,0,0,0,True
834,10027,14074.0,2018-02-22,3,0,False,0,0,0,0,True
835,10027,7662.0,2018-02-23,4,0,False,0,0,0,0,True
836,10027,10892.0,2018-02-24,5,1,False,0,0,0,0,True
837,10027,681.0,2018-02-25,6,1,False,0,0,0,0,True
838,10027,10000.0,2018-02-26,0,0,False,0,0,0,0,True
839,10027,44940.0,2018-03-02,4,0,False,0,0,0,0,True
840,10027,1509.0,2018-03-03,5,1,False,0,0,0,0,True
841,10027,14014.0,2018-03-23,4,0,False,0,0,0,0,True
842,10027,3310.0,2018-03-24,5,1,False,0,0,0,0,True
843,10027,14443.0,2018-04-13,4,0,False,0,0,0,0,True
844,10027,20020.0,2018-04-14,5,1,False,0,0,0,0,True
845,10027,16696.0,2018-05-11,4,0,False,0,0,0,0,True
846,10027,5091.0,2018-05-12,5,1,False,0,0,0,0,True
847,10027,2719.0,2018-05-18,4,0,False,0,0,0,0,True
848,10027,8289.0,2018-05-19,5,1,False,0,0,0,0,True
849,10027,12676.0,2018-06-08,4,0,False,0,0,0,0,True
850,10027,8295.0,2018-06-09,5,1,False,0,0,0,0,True
851,10027,4235.0,2018-06-10,6,1,False,0,0,0,0,True
852,10027,12200.0,2018-06-29,4,0,True,1,0,0,1,True
853,10027,19095.0,2018-06-30,5,1,False,0,0,0,0,True
854,10027,1076.0,2018-07-01,6,1,False,0,0,0,0,True
855,10027,47868.0,2018-07-13,4,0,False,0,0,0,0,True
856,10027,1706.0,2018-07-14,5,1,False,0,0,0,0,True
857,10027,38591.0,2018-08-10,4,0,False,0,0,0,0,True
858,10027,27942.0,2018-08-11,5,1,False,0,0,0,0,True
859,10027,35422.0,2018-09-28,4,0,False,0,0,0,0,True
860,10027,80170.0,2018-09-29,5,1,False,0,0,0,0,True
861,10027,1303.0,2018-09-30,6,1,False,0,0,0,0,True
862,10027,6337.0,2018-10-14,6,1,False,0,0,0,0,True
863,10027,11418.0,2018-10-19,4,0,False,0,0,0,0,True
864,10027,9904.0,2018-10-20,5,1,False,0,0,0,0,True
865,10027,19272.0,2018-11-30,4,0,False,0,0,0,0,True
866,10027,43343.0,2018-12-01,5,1,False,0,0,0,0,True
867,10027,13148.0,2019-02-01,4,0,False,0,0,0,0,True
868,10027,2509.0,2019-02-02,5,1,False,0,0,0,0,True
869,10027,9985.0,2019-02-17,6,1,False,0,0,0,0,True
870,10027,16724.0,2019-02-18,0,0,False,0,0,0,0,True
871,10027,9736.0,2019-02-19,1,0,False,0,0,0,0,True
872,10027,15567.0,2019-02-20,2,0,False,0,0,0,0,True
873,10027,27390.0,2019-02-21,3,0,False,0,0,0,0,True
874,10027,46049.0,2019-02-22,4,0,False,0,0,0,0,True
875,10027,26081.0,2019-02-23,5,1,False,0,0,0,0,True
876,10027,36349.0,2019-02-24,6,1,False,0,0,0,0,True
877,10027,1220.0,2019-02-25,0,0,False,0,0,0,0,True
878,10027,14841.0,2019-03-22,4,0,False,0,0,0,0,True
879,10027,16992.0,2019-03-23,5,1,False,0,0,0,0,True
880,10027,778.0,2019-03-24,6,1,False,0,0,0,0,True
881,10027,25172.0,2019-04-13,5,1,False,0,0,0,0,True
882,10027,216.0,2019-04-14,6,1,False,0,0,0,0,True
883,10027,29.0,2019-04-18,3,0,False,0,1,1,1,True
884,10027,34381.0,2019-05-03,4,0,False,0,0,0,0,True
885,10027,10175.0,2019-05-04,5,1,False,0,0,0,0,True
886,10027,5359.0,2019-06-07,4,0,False,0,0,0,0,True
887,10027,14370.0,2019-06-08,5,1,False,0,0,0,0,True
888,10027,244.0,2019-06-09,6,1,False,0,0,0,0,True
889,10027,12829.0,2019-07-12,4,0,False,0,0,0,0,True
890,10027,2091.0,2019-07-13,5,1,False,0,0,0,0,True
891,10027,7742.0,2019-07-26,4,0,False,0,0,0,0,True
892,10027,1941.0,2019-07-27,5,1,False,0,0,0,0,True
893,10027,17817.0,2019-08-14,2,0,False,0,1,1,1,True
894,10027,679.0,2019-08-15,3,0,True,1,0,0,1,True
895,10027,15954.0,2019-09-13,4,0,False,0,0,0,0,True
896,10027,408.0,2019-09-14,5,1,False,0,0,0,0,True
897,10027,16659.0,2019-10-11,4,0,False,0,1,1,1,True
898,10027,694.0,2019-10-12,5,1,True,1,0,0,1,True
899,10027,36064.0,2019-11-08,4,0,False,0,0,0,0,True
900,10027,1192.0,2019-11-09,5,1,False,0,0,0,0,True
901,10027,22176.0,2019-12-07,5,1,False,0,1,1,1,True
902,10027,1417.0,2019-12-08,6,1,True,1,0,0,1,True
903,10027,32292.0,2019-12-20,4,0,False,0,0,0,0,True
904,10027,1658.0,2019-12-21,5,1,False,0,0,0,0,True
905,10028,6573.0,2018-01-16,1,0,False,0,0,0,0,True
906,10028,16657.0,2018-05-18,4,0,False,0,0,0,0,True
907,10028,1691.0,2018-05-19,5,1,False,0,0,0,0,True
908,10028,1869.0,2018-11-27,1,0,False,0,0,0,0,True
909,10028,3017.0,2018-11-28,2,0,False,0,0,0,0,True
910,10028,9011.0,2018-11-29,3,0,False,0,0,0,0,True
911,10028,13789.0,2019-04-18,3,0,False,0,1,1,1,True
912,10028,182.0,2019-04-19,4,0,True,1,0,0,1,True
913,10028,4182.0,2019-10-08,1,0,False,0,0,0,0,True
914,10028,1008.0,2019-10-09,2,0,False,0,0,0,0,True
915,10028,4924.0,2019-10-10,3,0,False,0,0,0,0,True
916,10028,1.0,2019-11-21,3,0,False,0,0,0,0,True
917,10028,304.0,2019-12-30,0,0,False,0,0,0,0,True
918,10028,1525.0,2020-01-01,2,0,True,1,0,0,1,True
919,10029,1002.0,2018-01-01,0,0,True,1,0,0,1,True
920,10029,700.0,2018-01-03,2,0,False,0,0,0,0,True
921,10029,925.0,2018-01-06,5,1,False,0,0,0,0,True
922,10029,723.0,2018-01-07,6,1,False,0,0,0,0,True
923,10029,1246.0,2018-01-10,2,0,False,0,0,0,0,True
924,10029,615.0,2018-01-13,5,1,False,0,0,0,0,True
925,10029,1374.0,2018-01-15,0,0,False,0,0,0,0,True
926,10029,1360.0,2018-01-17,2,0,False,0,0,0,0,True
927,10029,592.0,2018-01-18,3,0,False,0,0,0,0,True
928,10029,581.0,2018-01-20,5,1,False,0,0,0,0,True
929,10029,1846.0,2018-01-23,1,0,False,0,0,0,0,True
930,10029,1411.0,2018-01-24,2,0,False,0,0,0,0,True
931,10029,1341.0,2018-01-27,5,1,False,0,0,0,0,True
932,10029,583.0,2018-01-30,1,0,False,0,0,0,0,True
933,10029,431.0,2018-01-31,2,0,False,0,0,0,0,True
934,10029,966.0,2018-02-03,5,1,False,0,0,0,0,True
935,10029,695.0,2018-02-06,1,0,False,0,0,0,0,True
936,10029,759.0,2018-02-07,2,0,False,0,0,0,0,True
937,10029,526.0,2018-02-08,3,0,False,0,0,0,0,True
938,10029,803.0,2018-02-10,5,1,False,0,0,0,0,True
939,10029,826.0,2018-02-11,6,1,False,0,0,0,0,True
940,10029,429.0,2018-02-13,1,0,False,0,0,0,0,True
941,10029,505.0,2018-02-14,2,0,False,0,0,0,0,True
942,10029,856.0,2018-02-17,5,1,False,0,0,0,0,True
943,10029,751.0,2018-02-18,6,1,False,0,0,0,0,True
944,10029,468.0,2018-02-20,1,0,False,0,0,0,0,True
945,10029,873.0,2018-02-21,2,0,False,0,0,0,0,True
946,10029,502.0,2018-02-22,3,0,False,0,0,0,0,True
947,10029,837.0,2018-02-24,5,1,False,0,0,0,0,True
948,10029,889.0,2018-02-28,2,0,False,0,0,0,0,True
949,10029,424.0,2018-03-06,1,0,False,0,0,0,0,True
950,10029,620.0,2018-03-07,2,0,False,0,0,0,0,True
951,10029,513.0,2018-03-10,5,1,False,0,0,0,0,True
952,10029,990.0,2018-03-14,2,0,False,0,0,0,0,True
953,10029,1199.0,2018-03-17,5,1,False,0,0,0,0,True
954,10029,742.0,2018-03-21,2,0,False,0,0,0,0,True
955,10029,246.0,2018-03-22,3,0,False,0,0,0,0,True
956,10029,998.0,2018-03-28,2,0,False,0,0,0,0,True
957,10029,696.0,2018-03-29,3,0,False,0,1,1,1,True
958,10029,1158.0,2018-04-03,1,0,False,0,0,0,0,True
959,10029,441.0,2018-04-05,3,0,False,0,0,0,0,True
960,10029,974.0,2018-04-08,6,1,False,0,0,0,0,True
961,10029,817.0,2018-04-11,2,0,False,0,0,0,0,True
962,10029,878.0,2018-04-12,3,0,False,0,0,0,0,True
963,10029,1643.0,2018-04-14,5,1,False,0,0,0,0,True
964,10029,422.0,2018-04-15,6,1,False,0,0,0,0,True
965,10029,924.0,2018-04-18,2,0,False,0,0,0,0,True
966,10029,564.0,2018-04-19,3,0,False,0,0,0,0,True
967,10029,1335.0,2018-04-21,5,1,False,0,0,0,0,True
968,10029,1069.0,2018-04-22,6,1,False,0,0,0,0,True
969,10029,847.0,2018-04-25,2,0,False,0,0,0,0,True
970,10029,1331.0,2018-04-26,3,0,False,0,0,0,0,True
971,10029,1199.0,2018-04-29,6,1,False,0,0,0,0,True
972,10029,915.0,2018-04-30,0,0,False,0,1,1,1,True
973,10029,1023.0,2018-05-02,2,0,False,0,0,0,0,True
974,10029,607.0,2018-05-03,3,0,False,0,0,0,0,True
975,10029,661.0,2018-05-09,2,0,False,0,0,0,0,True
976,10029,116.0,2018-05-10,3,0,False,0,0,0,0,True
977,10029,2154.0,2018-05-12,5,1,False,0,0,0,0,True
978,10029,382.0,2018-05-15,1,0,False,0,0,0,0,True
979,10029,1154.0,2018-05-16,2,0,False,0,0,0,0,True
980,10029,1072.0,2018-05-19,5,1,False,0,0,0,0,True
981,10029,1159.0,2018-05-23,2,0,False,0,0,0,0,True
982,10029,765.0,2018-05-25,4,0,False,0,0,0,0,True
983,10029,759.0,2018-05-26,5,1,False,0,0,0,0,True
984,10029,1426.0,2018-05-30,2,0,False,0,0,0,0,True
985,10029,716.0,2018-05-31,3,0,False,0,0,0,0,True
986,10029,1333.0,2018-06-03,6,1,False,0,0,0,0,True
987,10029,1508.0,2018-06-06,2,0,False,0,0,0,0,True
988,10029,558.0,2018-06-07,3,0,False,0,0,0,0,True
989,10029,1379.0,2018-06-08,4,0,False,0,0,0,0,True
990,10029,1213.0,2018-06-10,6,1,False,0,0,0,0,True
991,10029,733.0,2018-06-13,2,0,False,0,0,0,0,True
992,10029,1651.0,2018-06-16,5,1,False,0,0,0,0,True
993,10029,1064.0,2018-06-17,6,1,False,0,0,0,0,True
994,10029,1107.0,2018-06-20,2,0,False,0,0,0,0,True
995,10029,666.0,2018-06-22,4,0,False,0,0,0,0,True
996,10029,1224.0,2018-06-24,6,1,False,0,0,0,0,True
997,10029,116.0,2018-06-25,0,0,False,0,0,0,0,True
998,10029,52.0,2018-06-26,1,0,False,0,0,0,0,True
999,10029,1052.0,2018-06-27,2,0,False,0,0,0,0,True
